score,review,y
5,친절하시고 깔끔하고 좋았습니다,1
5,조용하고 고기도 굿,1
4,"갈비탕과 냉면, 육회비빔밥이 맛있습니다.",1
4,"대체적으로 만족하나
와인의 구성이 살짝 아쉬움",1
5,고기도 맛있고 서비스는 더 최고입니다~,1
5,고기가 입에서 녹아요~! 서비스도 최고였습니다.,1
5,입에서 살살녹는 최상급소고기를 맛보고왔습니다.,1
5,고기도 구워주고 가성비 짱~~<,1
4,"콜키지 프리라서 와인을 가지고 가면 좋은 식당!
생고기가 플레이팅도 아주 예쁘게 나오고 고기 질도 좋아 만족했네여
다만 가격이 후덜덜하여 자주는 못간다는 ㅎㅎ
회식때 자주 가고 싶은 곳 찜콩입니다 ㅋㅋ",1
4,"저렴하면서도 맛이 아주 좋았습니다.
구워주시는 서버분들의 정성이 고기 한점 한점에 깃들여져, 최고의 저녁식사를 대접받은 기분입니다.
밑반찬 역시 소박하게 필요한것만 몇 가지로 구성되어 있고, 무엇보다 고기의 풍미를 배가시키는 역할을 해 주었습니다.
심연한우, 이러심연 곤란해여~!",1
5,"맛있어요 양이 적지만 한우니까요 ㅋㅋ
한우초밥도 맛있었습니다",1
4,분위기도 괜찮고 고기 퀄리티도 좋고 전반적으로 만족했어요. 아쉬운건 반찬 종류가 적었어요~,1
5,"고기가 너무너무 맛있었습니다
한우와 놀고온 기분이랄까? ㅎㅎ
맛난 한우김치찌게 정말 최고입니다
자주 찾아뵙겠습니다",1
1,"고기를 주문하면 소를 잡으러간건지 올 생각도 안하고
식당은 작아서 번잡스럽기만하고
서비스도 별로고 비싼맛큼 서비스도 별로, 그래도 고기맛은 나쁘지 않으니 뭐;; 근데 재방문의사를 물어본다면 재방문의사 없음이요",0
5,오랜만에 생각나서 들려본 육덕등심! 간만에 가니 이모님도 반겨주시고 와인한병 서비스 받았네요...ㅋㅋㅋㅋ 올때마다 잘챙겨주셔서 정겨운느낌안고 옵니다. 오늘식사도 역시 맛있었구요. 역시 올때마다 만족하고 가는것같습니다. 또올게요~^^,1
5,맛있는 고기와 와인 마리아쥬 좋았습니다 뭉태기 못먹은게 아쉽네요,1
1,많이좋았습니다,0
3,"여긴 무조건 세트를 구입해야 하는게 있는데 그게 매우 악수인듯... 돈을 벌고자 하는 전략이 매우 노골적임. 맛은 나쁘진 않으나, 돈 많이 쓸 생각하고 와야 할듯..",0
4,안심이 진짜 부드러워요,1
1,"메뉴판좀 보고 주문하려는데,
자꾸 안심등심 세트를 팔려는 강매 전략.
메뉴판좀 보구 말씀드릴께요를 5번은 말한듯.
뭐하시는거죠?",0
3,맛은 있는데 직원들 서비스가 별로네요,0
4,가격대비 양이 많지는 않지만 맛은 있습니다,1
5,독특하고 레트로한 맛집. 스웨 풍만...의자마저 맘에 들어요.,1
5,너무맛있었네요..특히 그 노른자 화채ㅠㅠ,1
5,값 싸고 즐겁게,1
4,고기도 괜찮고 반찬도 맛있었어요 집이랑 가까우면 단골할거같아요^^,1
5,"삼겹살도 맛있는데 파채 양념이 넘 맛있어서
자꾸생각나는 맛이에요
청국장도 넘 맛있음!!",1
5,맛있습니다!,1
5,"맛도 맛이지만 분위기도 너무 좋았어요!
다음에 또 방문할 예정입니댜~",1
5,"너무맛있어요...
냉동삼겹살 집에서 어렸을때 먹었던 기억나서 좋구
맛도 훌륭해용!!

들어가는 순간부터 냄새가 확...ㅋㅋㅋ
직원분들도 친절하시고 삼겹살도 너무 맛잇고 ㅎㅎ

담주에도 바로 예약 추가했어요",1
4,뼈없는 국물 닭발과 치즈계란말이. 주먹밥의 조화~ 맛집이라 그런지 여성 그룹들이 많았음. 맵긴 했지만 보통으로 주문하면 먹을만함~ 네이버에서 예약했다고 하니 우린 예약안받는다고 해주시는 센스. 어차피 빈자리가 있어 그냥 앉긴 했는데 예약하고 갔는데 자리없다고 하면 좀 짜증날듯.,1
5,"친구소개로 갔는데..깜놀이네요
이런 육즙이 터지는 고기맛은 처음이네요.
인생삼겹인정!!
자주갈께요 서비스 많이주세요.",1
5,"분위기도좋고 고기도맛있어요.
직원들도 친절합니다.",1
4,"블로그보고 예약해서 갔어요..
대부분 블로그는 광고가 많은데 여기 목살은 블로그에 나온것처럼 진짜 맛이있네요...감칠맛이랄까...ㅋㅋ
첨으로 먹어본 목살맛이었어요.,.
후회없는 선택이었습니다^^
강추!!!!",1
5,"목살이 부드러울수있다니 ㅠㅠ 퍽퍽한거 일도 없이 육즙가득 JMT
바람불어도 냉면을 포기할수는 없어요~",1
5,"정육왕 블로그 보고 왔는데
목살이 그렇게 맛있다고해서 먹었는데
먹어본 목살중에 제일 맛있고 부드럽습니다!!
추천드려요~",1
2,고기는 맛있습니다. 순환율이 굉장히 좋은 곳이라 예약하기엔 많이 부담스럽네요. 주문에 대한 압박이 끊임없이 옵니다. 대화하기에 조금 시끄러운 부분도 있구요.,0
3,불판이 작아서 6명 테이블에 6명이 고기먹기엔 힘들었어요 ㅠㅠ,0
5,좋았습니다,1
4,분위기도 좋고 했지만 고기가 얇아 아쉬웠습니다.,1
1,"생삼겹 고기 맛이 별로입니다.너무 얇음;;
이베리코 목살은 돼지 냄새나요;;;",0
5,고기가맛있어서. . . 저도모르게그만 술을...,1
4,"고기는 맛있습니다!
근데 강남이라 사람이 엄청많아서ㅎㅎ
시끄럽고 알바생들이 바빠서 서빙받기가 쉽지는 않았네요~ 어쩔수없는 건가 .... 음식맛은 굿입니다.",1
5,친절하시고 맛잇게잘묵었습니다.,1
5,우삼겹이 맛있네요~~,1
3,고기는 정말 맛있었는데 인원이 여섯인데 화로 하나줘서 한점 먹고 한참 기다리고 한점 먹고 한참 기다리고 매우매우 불편했네요,0
4,"강남에서 많은 인원 모임 장소 하기에는 좋은 곳 같아요!
고기 맛은 평범하지만... 냉면은 최고로 맛있었습니다.",1
4,이베리코삼겹살 맛있는데 네이버예약은 안되네요ㅠㅠ,1
5,맛있어요!,1
4,"사람이많았어요 ㅠ
맛은 있었어요..",1
2,"배꼽집 맛은 좋으나 네이버 예약한 줄도 모르고 이모님이 엄청 불친절함ㅠ

최근들어 자주 가게 되는데 서비스에 신경을 많이 써야 할듯 합니다. 맛만큼 시스템이 못따라와 아쉬운듯 합니다.",0
4,네이버를 통해 예약하고 갔는데 예약이 안되어있었습니다. 오후 한시였기 때문에 빈 자리가 있어서 문제는 없었습니다. 예전에 방문했을 맛있게 먹었기에 다시 간 건데 음식에 대한 만족도는 높았습니다.,1
5,"강남에서 족발 생각나면 가는 곳
불족발+주먹밥 최고",1
4,칼국수는 깔끔하고 족발도 맛있었어요 근데 양은 조금 작은듯 3명이ㅠ먹기에 적당해여,1
3,저희가 비록 늦게 가긴 했지만 서비스가 약간 느린것같았습니다. 공깃밥이나 주먹밥도 시킨지 한참만에  나오고... 맛있게 먹었지만 이 부분이 아쉽습니다.(그리고 저는 주먹밥 얘기하셔서 테이블당 1개씩 주시는줄 알았는데 1개만 주셔서 당황했습니다),0
3,"예약하며 요청란에 인원 말씀드렸고, 전화도 드렸었는데. 10분 전 도착해 예약자라하니 자리까지 안내해줘놓고 뒤늦게 예약해놓고 왜 안오느냐고 짜증섞인채 전화라니.. 여기까진 뭐 착오로 그럴 수 있다 생각했는데 이후에도 사과 한마디 없이 따지듯 열명 예약 아니었느냐고 되묻는데 마지막까지 불쾌했습니다. 맛도 서빙도 좋았습니다. 다만 여직원의 태도가 매우 불쾌했어요",0
5,"강남점은 매장이 넓어서 좋네요ㅎㅎ
스페셜세트 먹었는데 맛도 있고 인스타 이벤트로 음료도 주셔서 잘먹었습니다~",1
5,맛있어서 또 갔어요,1
5,맛있어요:),1
5,"매장이 넓어서 단체로 회식하기 좋았어요
족발도 맛있고 칼국수도 무한리필인데 맛있었어요
회사에서 칭찬받아서 리뷰남겨요ㅎ",1
5,굿이었습니다,1
4,족발도맛있고 테라스처럼? 전면창이 열려서 분위기 좋게 모임할수있었어요^^ 칼국수도맛있었습니다~,1
4,고기는 맛있는데 다른음식이 내입맛에는 조금 짠듯...,1
5,넘넘 맛있구 완젼 친절하시구요 담에 또갈예정이에요 감사함니다!,1
5,"짱좋아요 맛도맛인데 직원분들개좋아여
너므친절><
감사합니당!!",1
5,너무 맛있었습니다!!!,1
4,오랜만에 갔는데 맛있게 먹었습니다.,1
5,만족합니다,1
4,"특이한 고기 굽기 방식으로 연기가 많이 안나서 좋아요~
고기 맛있고 셀러드 진짜 커요! 
일하시는 분들은 약간 초짜 느낌.
예전에는 사람들이 많아서 줄서서 먹었는데 지금은 한산해서 좋아요. 
암튼 잘먹었슴다.",1
4,맛있어요 근데 자리는 좁아요,1
5,우선 처음 방문이하 스타일에 좀 당황했구요~~그렇지만 고기 탄연기가 없어서 몸에서 고기 냄새가 안나내요~~^^ 그리고 종업원분들 친절하셔서 즐거운 시간이었어요~~또 이용할 것같에요~~,1
4,분위기도 좋고 컨셉도 신선하고 맛도 최고였는데 저희는 다 대식가라서 고기 익는거 기다리는 게 너무 감질맛났어요ㅜㅜ ㅋㅋ 다음에 갈때는 다른 메뉴도 시켜서 고기 익을동안 먹으려구요ㅋ,1
4,"독특한 고기맛과 인테리어

데이트때 고기가 땡기지만 냄새가 걱정이라면 추천

건장한 남자들끼리 갈꺼면 양이좀..",1
5,맛있네요.,1
5,매우 만족했습니다. 처음 찾아오는 사람은 쉽게 못 찾는 위치인게 아쉽네요.,1
4,"맛있게 잘 먹었어요!
같이 간 선배님들도 좋아하셔서 기분 좋았습니다!
담에 또 들를게요~~",1
4,맛있었고 처음에 구워주셔서 편했습니다~사람없을때가면 더좋은서비스 해주신다고하셨네요!,1
5,정말 맛있네요!,1
5,친절하게 고기도 잘 구워주시고 고기도 너무 맛있어용 !!!!! ♥︎,1
1,진대감 여러군데 가보고 나서 너무 좋아서 가족끼리 외식하려구 갔는데 다른지점에 비해 너무 서비스가 엉망이에요 반찬은 거의 집어던지듯이 놓고가시고 시키고 다시 시키고 바쁜건 알겠는데 그럼 직원을 더 써주시지.. 서비스 최악이었어요,0
5,"일행이 조금.. 많이 늦었는데 서비스도 좋고 맛있었습니다.

다음에 또 갈게요~~",1
5,믿고가는 진대감,1
5,맛도 일품 서비스도 일품!,1
5,언제나 항상 맛있네요^^,1
4,맜있어요~~~,1
4,맛과 가격 굿이네요,1
4,"맛있고 친절하고
but",1
5,"존맛!! 여기로 예약한 과거의 나 겁나 칭찬함! 
진심 너무너무 맛있었음!! 개인적으로 막창 포에버☆
👍👍👍👍👍👍👍",1
5,가성비가 좋습니다. 곱창이 국산이라 그런지 냄새도 안 나고 맛있게 잘 먹었습니다. 볶음밥도 맛있었어요^^,1
1,"초벌 개오래걸리는데 초벌 1도 안되서 옴. 주문안들어갔는데 언제 나오냐고해서 핑계댄건가 싶을정도로.
손님 상 케어도 너무 안됨. 처음에 잘라주면서 뭘먼저 먹으라거나 얼마나 더 구우라는 등 멘트 하나도 없고, 직접 상태체크하면서 구워주거나 뭐 어떤 것도 없엇음. 애초에 잘라주고 맛있게드세요 라거나 그냥 말한마디라도 하면 알아서 구워먹었을텐데 이도저도아니라 진짜 짜증났음. 여기저기 곱창집 많이 갔는데 진짜 직원들 정신없고 불친절함. 테이블 대비 주방/홀 직원 전부 뭘 달라고하면 기본 10분이상 걸림. 2~3번씩 언제나오냐고 물어봐야하고, 알아본다고하고 다시 와서 답을 안줌 또 물어봐야함^^;; 다시는 안갈듯.",0
5,"한우곱창모듬~ 술이 술술 넘어가는 맛이였어요. 
지인들과 함께 갈만한 곳.",1
5,아주 맛있어요. 먹는 환경도 쾌적한 편입니다.,1
3,좋은데 종업원이 너무 적어요,0
5,예약할때 요청한대로 시원한 자리에 배치해주셔서 기분 좋았으며 음식도 너무 맛있었습니다. 재방문하고싶은 곳,1
5,유명한 이유가 있네요! 늦은 시각에도 사람 엄청 많아서 놀라고 맛에 두번 놀랐어요! 자꾸 생각나는 맛이에요!,1
5,"차돌, 관자에 뭘 얹어도 하나같이 찰떡궁합!
밥주정이 수긍되는 전참시 이영자 맛집",1
5,"직원분들이 엄청 친절하셨어요
처음 방문인데 직접 구워주시면서
먹는 방법 자세하게 설명해주셨는데
너무너무 맛있었습니다.
재방문하겠습니다. 감사해요!",1
4,일단 밑반찬이 괜찮았고 차돌과 관자는 보통입니다~,1
5,너무 맛있어요~~,1
5,맛있어요!!!!,1
5,맛있었습니다! 오피스 지역이라 그런지 주말은 한산한거 같아요. 여유롭게 잘 먹었습니다~,1
4,"너무너무너무 맛있게 먹었습니다^^
계속 구워주셔서 쉴틈없이 먹었네용
바쁘지 않으시면 계속 구워주신다네용",1
5,언제나 만족..친절한 서비스까지..,1
4,"회식 하시는분들이 많아서 조금 시끄러웠는데 심하진 않았어요 고기도 맛나고 아주 좋았어요^^ 차돌이라 역시 느끼했는데 명이 나물이랑 먹으니 완전  꿀맛! 
다 구워 주시고 너무 좋았습니다~",1
5,일단드셔보세요,1
3,다른점에서 맛있게먹고 또생각나서 갔었는데 체인점이라고해도 체인점마다 해주는사람에따라 맛이 틀리다는걸 알게되었네요. 호텔에서 가까워서 간건데 기본만먹고 다른점가서 다시 먹었어요.,0
5,"역시 맛집이라 정신없었지만
맛은 확실하네요~!",1
4,예약이 즉시 처리되서 간편,1
5,갈비살맛있어용,1
5,주말할인 받아서 엄청 저렴하게 한우 먹었습니다...만족합니다ㅎ,1
5,애기들 데리고 갔는데도 점심쯤지나 가서 그런가 만족스럽게 먹고왔습니다~ 생각보다 저렴한? 가격에 맛좋은 소고기도 먹고~ 서브 반찬들도 좋더라구요~ 원래 이런글 잘 안남기는데 애들도 좋아해서 남겨요~ 담에 또 갈께요~ 그땐 전체 가족모임으로 가겠습니다~^^,1
5,"고기도 너무 맛나고 분위기 괜찮아요!!! 
가성비 최고!!!  ㅋㅋㅋ  존맛탱 ㅋㅋㅋ",1
1,"와규2인메뉴 + 갈비 먹었습니다.
처음에 한우 꽃등심 추천하셨는데 와규세트먹어서그런지 물건도 던지고가고 막장이더군요. 물휴지 던지고가서 엄청 민망했네요. 냉면도 바로 안나오고 다른데 잘못줘놓고 다시 얘기하니가져다주더군요. 2명이서그래도 8만원돈 이상 쓰고가는데 이딴 서비스 해줄거면 다른데가서 돈더 쓰고 먹는게 낫겠습니다. 솔직히 가성비 나쁘지않고 서비스만 좋았다면 5점도 줄 수 있었습니다. 주인 아주머니 그런식으로 장사하지마세요. 바쁘면 사람 더 쓰시고요 :) 제가 별점 하나준적은 또 처음이네요",0
5,한우 맛있었어요ㅎㅎㅎ,1
2,기대이하였음,0
5,"너무너무 맛있어요 
제주도에 온거 같은 느낌 추천합니당 ~~!",1
4,고기 질이나 서비스는 매우 만족! 좀 비싼 편이에요,1
4,"고기 맛있음.
초벌 구워오는 시간이 꽤 걸림.
생각보다 옷에 냄새가 안벰.
가격대는 조금 있는편.",1
5,"직원분들이 정말 친절하셨고 고기랑 냉면도 너무 맛있었어요!!
다만 된장찌개 맛이 좀 아쉬웠네요",1
5,"고기,찌개,파절이 어느하나 빠지는게 없이 너무 맛잇었어요! 오픈시간에 갓는데도 너무친절하시고 짱이였숩니다 번창하세유!",1
4,맛은 좋은데 시끄러워서 대화가 잘 안들렸어요,1
4,맛이랑 분위기 그레잇. 너무 캐쥬얼하지도 않고 부담도 너무 높지않고 조용하고  근데 구워서나오니까 좀 식는감이 있어요,1
5,맛있게 잘먹었어요~~^^,1
2,서비스는 괜찮은데 본질적으로 고기가 맛이 없어요ㅠㅠ,0
5,"이번엔 진꽃살을 먹어봤는데 
진짜 살살녹아요 ... 직원분이 알려주신방법대로 알려주신 소스에 미리 넣어뒀다가 구워먹었는데 
정말맛있네요 ㅠㅠㅠㅠㅠ",1
5,"언제나 믿고 찾는 김일도~ 
어느 지점을 가도 맛과 친절이 보장되는듯 해요. 
숙성 고기라서 언제든 맛이 일정하게 잡내 없이 쫄깃쫄깃해서 좋아 한답니다. 
서초점은 서비스로 김치찌개가 제공되어서 더 좋았어요",1
5,위치도 좋고 넓어서 단체 모임이나 회식에도 좋을 것 같아요. 직원분들이 구워주시고 맛있게 먹는 법도 알려주셔서 너무 좋았습니다. 김일도만의 노하우와 철학이 있다고나 해야할까? 그냥 고깃집이 아니라 이 곳만의 먹는 비법과 맛이 있는 곳이었어요. 속풀이 개밥도 너무 맛있었습니다.,1
5,수제소세지 대존맛...,1
5,"역시 늘 가는 이유가 있는 집입니다.
고기도 잘 구워주시고 서비스도 좋고, 무엇보다 맛이 좋죠 : ) 
후식으로 먹은 청국장 진짜 맛있었어요.",1
4,서초동에서 이만한 가성비있는 삼겹살집이 있을까요? 늘 맛나게 먹고 오네요,1
4,"너무맛있고 친절하게 잘구워주셨어요~~다좋은데 예약하기힘들어서 별한개빼요ㅠ
예약몇번을못했다가 어제 드디어 다녀왔어요 ㅎㅎㅎ
수제소시지 진짜맛있어요~!!!!!",1
5,"김일도 사랑해요!
너무맛있잖아 ㅠㅠㅠㅠㅠㅠㅠㅠ",1
5,"고기 퀄리티가 좋아요ㅎㅎ
무엇보다 직원이 고기를 구워줘서 먹기편함!!
알려주는대로 특제소스에 고기를 찍어서 싸먹음 jmt👍🏻",1
5,"직원분들 친절하시고 
여러가지 조합으로 고기를 맛 볼 수 있어 아주 좋았어용! 너무 맛있어요 :D",1
4,"미리 예약하시면 2층 으로 하시고요,
고기는 반은 궈줘요. 그리고네이버로 미리예약하면 껩데기 준다더니 그건 안주네요..분위기 회식장소로는 괸찬네요.",1
4,맛있습니다,1
5,"처음 가보는 곳이었는데, 1,2층으로 사람들이 많이 있는 식당이었습니다.  방으로 부탁 드렸더니, 2층에 방으로 배정해 주셔서 조용히 식사할 수 있었어요.

고기도 좋고, 직원분들이 구워주셔서 맛있게 먹고 왔습니다.  소규모 모임이시라면 좋은장소로 추천 드립니다~",1
5,"맛있는 고기 잘 먹었습니다. 
점장님 이벤트도 즐거웠습니다. 
서비스 최고였어요!",1
5,"고기도 맛있고, 잘 구워주셔서 좋은 모임 하였습니다 ㅎㅎ",1
5,"맛있었어요
직원분 서비스도 좋고..^^
네이버 예약으로 주신 서비스 돼지껍데기는 정말 기대하지않았었는데 너무 맛있었습니다.
먹느라 정신없어서 사진을 깜빡했네요^;; 재방문의사 10000%입니닷!",1
5,거리도 가깝고 괜찮았습니다,1
4,"제주 흑돼지 진짜  맛있어요.
장소도 넓고  2층에는 룸도 있어서
모임장소로도  좋아요.
물론 교통도 좋구요.",1
4,"고기도 맛있고 서비스도 좋았습니다!!
하지만 너~~~무 시끄러웠습니다!!",1
5,정말맛있고 서비스많이주시고 진짜최고에요,1
5,맛있어요. 강남최고가성비인듯. 술까지 45000원 나왔는데 어디가서 이렇게 못 먹음. 밥도 1000원인데 돌솥밥으로 줌. 최고...,1
5,정말 맛있었고 숯불의 향을 잘 느꼈습니다. 고기의 육즙도 살아있고 맛있었습니다. 또 된장찌개 대박이에요!!,1
5,"기본 고기도 정말 양이 많아요
서비스로 주신 된장찌개 맛있어요!!
후식으로 아이스크림까지 먹으면 배터집니당
꼭 네이버 예약하고 가서 서비스 받으세요~~",1
5,"회사 회식으로 인해서 우연히 알게 된 감격시대.
주차공간도 충분하고 좋아요.
이럴줄 알았으면 두대로 갈거 그랬어요.
그리고 고기도 맛있고 냄새도 안나고 너무 맛있게 먹었어요.네이버로 예약을 하고 가니 편하고 좋은거 같구요.다음 회식에도 이용 하겠습니다.
친절하게 해주신 직원분들 사장님 너무 고맙습니다.
블로그도 올려야겠네요.",1
4,"고기도 너무 맛있었구요
같이 나오는 반찬이랑 특히 된장찌개!!!!!!계란찜!!!!!
다음엔 꼭 밥을 시켜서 말아먹어야겠습니다
재방문의사 뿜뿜😍",1
4,아이들과 좋은 시간보냈습니다..맛있게 잘먹고 또 방문할게요,1
5,무한리필에서는 보기 힘든 깔끔한 상차림에 너무나 맛있는 반찬들! 특히 묵사발과 된장찌게 완전 짱!!!,1
1,회식하는데 예약을 했는데 길을 찾는게 낮아져서 약 십분정도 늦어질것 같아 미리 가게에 양해전화를 드렸어요 그런데 대뜸 십분 늦어지는 시간에 차라리 다른 손님을 받는게 낫다는 식으로 말하셔서 굉장히 불쾌했어요ㅡㅡ한시간을 늦겠다는 것도 아니고...저 혼자였다면 안가고 말았겠지만 여러명이 예약한거라 어쩔수 없이 갔는데..절대 다시는 안갈듯 하네요.그런식으로 장사 하지 마세요,0
5,한상가득!!! 추천합니다!!!,1
5,"최근에 자주 가는데 역시 갈 때마다 예약하고 갑니다
서비스 좋고 고기 맛도 좋네요
다음에 또 갈게요^^",1
5,"한점 더먹고 오지못한게 너무아쉬운 ㅜ
갈때마다 배터지게 먹어도 더못먹은게 매번 후회되네요 ㅋㅋ
고기먹고싶을땐 항상 감격시대로!",1
4,"사진은 떠드느라 못 찍었는데 빠르게 안내도 해주시고 직원분들도 친절했어요
고기는 얇고 해동이 덜 된 것들 외에는 다 괜찮았고, 갈비살이 제일 맛있었어요
같이 나온 밑반찬도 굉장히 좋았어요",1
5,"맛도 청결도 서비스도 아주 좋았습니다.
예약 안하고 갔으면 대기할뻔 했어요.
예약하길 참 잘했어요.
다양한 연령층이 찾는 맛집이구요. 가족.친구.연인.회사동료 다양하게 찾는 맛집인듯합니다.
재방문 의사있습니다. 수고하세요.",1
5,첫방문인데 맛있었어요~ 자주 가려구요! 버터비빔밥이 매진이라 아쉬웠지만.. 다음에는 꼭 먹으려구요~,1
5,서비스도 좋고 맛도 좋고 좋은 저녁식사 했습니다.,1
5,매번애용하는식당입니다. 이번에는 인당2인분이상 먹엇는데 배터질뻔했네요^^,1
4,"네이버 예약으로 냉면 서비스 받았어요~~ 테이블 전담해주시는 서버 분께서 지속적인 신경을 써주시는 부분이 제일 와닿았습니다. 가격은 비싼감이 있지만 맛있음은 어쩔 수 없네요. 된장죽, 버터밥도 다 맛있었고 반찬 구성이 좋아서 정신없이 먹다 왔어요",1
5,"직원이 점심에 먹어보고 이번회식때 여기 가자고 추진해서 예약해봤는데요.
네이버예약되서 편했고 서비스도 좋았습니다.
직원들이 매번 회식 여기서 하자고하네요 ㅋ
다음 다른 모임도 여기서 하고싶을정도로 맛, 서비스 다 만족스러운 식사였습니다.
번창하세요~",1
5,"친구2명 데리고 갔는데,다들 핵만족!
잘먹고갑니다. 얼굴도 알아봐주시고,
콘샐러드 떨어질때마다 가져다주셔서 고맙!다음 모임도 여기서 하기로~",1
2,"많은 광고들과 호평에 비해 아쉬웠다.

1. 네이버 예식시 제공되는 냉면은 제공되지 않았다. 물론 달라고 이야기를 하지 않았으나, 준다고도 하지 앟았다.

2.생갈비가 다른가게의 양념갈비만큼 짜고 간이되어 있다. 바로 고기를 발라내는곳이 보이는데, 바로 바른 고기가 어떻게 양념맛이 나는지는 이해 불가.

3.서비스는 매우만족. 직원들은 친절하고 인사도 잘하고 잘챙겨주었다.

여자친구와 둘이서 11만원의 비용을 내고 식사를 했으나 재방문의사는 없다.",0
5,존맛탱!! 또가고싶어요,1
5,맛 서비스 모두좋아요,1
4,룸이 깨끗하게 나뉘어있어서 사람들 만나기에 좋은 곳이에요!!  가격도 합리적입니다~~,1
4,예약이편해요,1
4,"2인예약도 가능하고, 맛있어요",1
5,"회식하면 먼저 생각나는 집
맛있고 기분좋은 서비스
재방문 의사 있음",1
3,음식튼 맛있었지만 벨을 여러번 눌러야 오시고 음식도 좀 늦게 나왔습니다,0
4,전체적으로 무난한 편이고 1층 식당의 메뉴도 주문할 수 있음 하지만 직원분들이 약간 부담스러움 고기는 모자라면 알아서 추가할텐데,1
5,"갈비탕, 된장찌개 맛나고, 반찬 리필도 잘 해주시네요~^^",1
4,"단체로 가기에 좋습니다.
룸도 깨끗하고 친절합니다.
저는 미역황태갈비탕을 시켰는데, 갈비에 기름만 있고, 살은 없어서 손도 대지 않았습니다. 
이 부분은 개선되면 좋겠습니다.",1
5,네이버 예약으로 전화 한 통 없이 편하게 예약이 가능하니 점심 시간에도 오래 기다릴까봐 걱정할 필요가 없어요. 갈비탕 주문하면 돌솥밥이 제공되서 뜨끈한 누룽지 만들어 먹으면 오후 내내 뱃속이 편안 ㅋ,1
5,회사회식으로 갔는데 좋았습니다.,1
5,급하게 예약시간을 미뤄달라는 요청을 드렸는데도 흔쾌히 받아들여주시고 친절히 안내주셔서 감사했습니다!!ㅎㅎ 직원분들 모두 너무 친절하셔서 편하게 잘먹고왔습니다!! 앞으로도 자주 방문하게 될거같아요!😊,1
4,즐겁게놀다갔어요~ 바닥이너무미끄러운거빼고는 직원분들도 다 친절하시고 좋았어요! 마감이5시인줄알았는데 1시? 까지더라구요 ㅠㅠ 너무 늦게나와서 죄송죄송 ㅠ3ㅠ,1
5,가격이 좀 있어도 너무 맛있어요! 친절함이 최고 :),1
4,"고기 맛있어요~
그렇지만 12명 예약에 떨어져 앉아야한다고 말씀을 미리 해주셨으면 좋을뻔했습니다. 가보고 당황했어요",1
5,서비스도 좋았고 고기도 맛잇었어요^^,1
5,방문할 때마다 느끼지만 정말 고기가 맛있네요. 같이 구워주시는 김치와 곁들이니 느끼함도 없고 오랜만에 맛있게 먹고 왔어요. 여자 세명이 가서 6인분 먹고왔네요.ㅎㅎ직원분들도 너무 친절하셔서 구워주시는 고기 편하게 먹고왔습니다!,1
4,더너마카카ㅗ오노너카나자자장,1
5,직원분들이 다들 엄청 친절하시고 고기도 맛있게 구워주세요!! 고기는 물론이고 찌개랑 계란찜도 짱짱 맛있어요!!! 다음에 회식할 때 또 갈게요~,1
4,"네이버 예약대로 잘 받아주셨고,
고기맛도 좋았어요.",1
5,"언제나 너무 맛있어요.
소고기모듬 곤드레밥 완전 최고!",1
5,좋아요~ 평일인데도 사람이 많아서 예약안했으면 클날뻔...,1
5,"엄마랑 방문했습니다.
완전 잘 먹고 왔고요! 고기랑, 소금이랑도 잘 어울리고 그 외에 겉절이들도 다 멋있었어요!!

곤드레밥이랑 먹어도 최고!",1
5,고기가 진짜 부드럽고 맛있었어요. 장아찌 국수도 다른곳에서 먹어볼수 없는 특별한 맛. 다 만족이여,1
5,"원래 다니는 식당이에요
어제는 유독 고기 퀄리티가 더 좋아서 진짜 맛나게 먹었어요 
보통은 둘이가서 먹고픈거 다 못먹는데
어제는 셋이가서 육사시미서부터 고기는 물론 찌개에 짱아찌 국수까지 다 먹어서 더 만족햇어요 :)",1
5,오랜만에 제대로 맛있는 소고기를 먹었네요~,1
5,늘 믿고 먹는 곳이에요 진짜 존맛!!,1
5,"가까운곳에 고기좋은 칠백식당이 있어 좋아요 ^^
다른지점도 가봤는데 역시 믿고가는 식당입니다. 짱아찌국수 정말 최고에요 !!",1
4,친절하고맛있는 칠백식당,1
4,"16명 예약했는데 테이블 4개가 2,2 떨어져 있어서 아쉬웠네요
족발은 맛있었습니다",1
2,"네이버예약을 통해서 왔다고 말씀드렸는데  예약이 안되어있다는 말씀만 거듭 하시고, 예약내역 캡쳐를 보여드려도 안되어있다고 하고 추운 날씨에 영문도 모른채 돌아나갔어야 했네요
원예약자는 도착하지 않은상태에서 다른 회식장소를 찾다가 정상적으로 예약을하고도 착석하지 못한게 너무 이상해서 다시 들어가서 이야기를 시도했습니다. 그제서야 안쪽에있는 직원분이 예약이 별도로 관리되고 있다고 예약내역을 확인해주었습니다. 
직원들간에 시스템에 대한 파악도 제대로 안돼있고 뭡니까 대체.. 
음식은 맛있었지만 문전박대 당한기분에 찝찝함이 사라지지 않았습니다.",0
4,매장에 손님이많아서 정신이 없긴했지만 직원분들도 친절하시고 맛있게먹고왔네요,1
4,"음식 맛은 괜찮은 편이었습니다.
다만 손님 수에 비해 직원이 좀 부족한 느낌이 들고 내부가 너무 시끄러워 바로 앞 테이블의 사람과 이야기하는 것도 제약이 조금 있을정도로 테이블간의 간격도 좁고 정신이 없네요ㅠ",1
4,미리 예약 했더니 가장 안쪽 자리로 해주셨습니다. 친절하고 맛있긴 했는데 매장이 다 오픈되어 있는 공간이라 많이 시끄럽긴 했어요,1
4,"요청한대로 구석에 자리가 예약되어 있었고 아주 만족스러웠습니다. 음식도 맛있고 다 좋았는데 3명이 특대를 시킨 건 미스인 듯, 대자로도 충분하네요.",1
4,예약했더니 안쪽 넓은 자리로 해주었더라구요 굉장히 좋았고 족발도 양은 좀 적었지만 맛있었습니다,1
5,"일단 족발이 맛있어요. 족발 못 먹는 언니도 이건 냄새 안난다고 잘 먹었어요. 그리고 서비스 좋고, 친절해요.",1
4,주문하고 기다리는시간이 좀 오래걸리긴하지만 맛도있고 시끄럽지않고 좋았습니다.,1
4,맛있게 잘 먹고 가요! 족발 너무 맛있었고 다만 크기별로 메뉴가 있으면 더 좋을듯해요,1
5,예약도 돼서 좋았고 양도 푸짐해서 맛있게 잘 먹고 왔습니다. 강추!,1
4,"스노우족발이 없어져서 아쉬웠지만
가격대비 구성과맛이 훌륭해요!!!^^
감사합니다",1
5,"벌써 3번째 단체 대관하였습니다(50명)
언제나 실망시키지 않는 족발과 보쌈
친절하신 사장님과 홀매니져님분들 
감사드려요 ^^",1
5,마늘 족발 JMT,1
5,친절하고 맛있게 잘 먹었어요,1
5,친절하고 맛있고 좋았습니다.,1
5,"강남역 근처 족발집 중 분위기 좋고~ 맛난 곳 둘다 충족되는곳 찾기 어려운데 여긴 그 둘이 완벽^^ 
분위기 좋은 인테리어에 맛도 Good!!
데이트하러 오세요^^",1
4,맛있었어요 다시 갈만해요,1
4,맛있게 먹고 왔답니다 ^^,1
5,맛있고 서비스 좋았습니다!!,1
5,캠핑분위기가 물씬나는 고기집이었어요,1
5,"단체26명해서 갔는데 만족입니다.예전에 친구들이랑 먹으러갔었는데 우선분위기도 좋았고,맛도있어서
정기모임을 여기로 잡았는데,특히 여자분들이 너무 좋아하네요.가게가 그다지넓지않아,단체가 들어갈수있나했는데  문제없더군요. 맛있게 잘먹고 즐거운시간보냈습니다.감사합니다~",1
5,칭구들이랑 너므맛있게 먹었어요~고기 퀄리티 긋긋😘😍 사장님께서 신경써 구워주신 덕분에 더 맛있게 즐겼습니다ㅎㅎ소세지랑 콘치즈 떡볶이 등 사이드메뉴도 알차고 푸짐푸짐🙌💗💗💗분위기도 너므너므좋아요 재방문각입니댜,1
4,잘머것어여우타나나아아아,1
5,"이번에 첨으로 예약을 하고 방문했는데 함께간 친구들 모두 독특한 도심속의 캠핑 분위기덕에 너무 즐거웠다고 합니다.

직원분들도 친절하고 음식도 맛있었고요. 다음에 또 예약하고 방문 할 예정입니다. 감사합니다.^^",1
5,"친구들이랑 몇번째 방문인데 늘 만족합니당
푸짐한양 친절한 서비스 때문에 계속 오게 되는거 같아요 친구들이랑 행복한 기억만들어 줘서 감사합니당^^",1
5,도심속에서 캠핑분위기 즐기며 고기 먹기 좋았어요 소시지도 맛있었고 떡볶이탕도 달달하니 맛있어오 ㅎㅎ 담요랑 슬리퍼도 이써서 더 편하게 즐기다 왔네용,1
5,친구소개로 알게됐구요. 10명 남짓한 인원으로 생일파티했는데 여기 진짜 괜춘습니당 ㅎㅎ 음식도 다 맛있고 분위기 캠핑느낌 오지고 여러명이서 가기에 가성비도 좋아여ㅎㅎ 엄지척!!,1
4,친절하고 맜있어요 언제나 ~~,1
5,"가격, 서비스, 음식 모두 만족스러운 곳입니다. 추천합니다.",1
4,cls친절하고 맜나요,1
4,clwswjf친젛하고 맛나요,1
4,친절하고 맜나요,1
3,친절하고 음식굿,0
5,너무 맛있고 친절하고 잘 구워주셔서 좋았습니다. 감사합니다.,1
5,좋음ㅇㅇㅇㅇㄹㄹㄹㄹㄹㄹㄹㄹㄹㄹㄹㄹㄹㄹㄹㄹㄹㄹㄹㄹㄹㄹ,1
4,맛있었어요. 조금만 더 친절하심 좋을것 같아요,1
1,가마골갈비와 송추갈비를 먹었는데 고기를 구울때 따로 꺼내놓으셔서 금방식었고 뼈 붙어있는 부위에서 고기비린내가 났습니다. 양념도 너무 짜고 고기도 질긴 편이었습니다. 서버들의 서빙도 익숙지 않고 매장이 전반적으로 어수선 했어요. 기대를 가지고 방문한건데 너무 실망스럽네요. 별 한개도 아깝습니다.,0
3,"가격과 맛은 미슐랭, 전반적인 서비스는 그닥...특히 주차는 할말이 없습니다....",0
5,꼬냑등심 정말 정말 너무 맛있었습니다! 직원분들도 다들 너무 친절하셨고 덕분에 즐거운 크리스마스 이브였어요! 기회가 되면 또 갈려구요!,1
5,"친절들하셨고 음식 또한 괜찮은 맛이었어요^^
다음에느 꼬냑등심을 먼저 먹어야겠어요ㅎㅎ 그래서 잘 음미할수잇을꺼같네요ㅎㅎ",1
4,업무상 외국인 접대자리로 다녀왔습니다. 호주인2명과  점심특선으로 불고기정식을 먹었는데 특히 외국분들 만족도가 높았습니다.,1
4,항상.변하지.않는 맛.  가격은 좀 내렸으면 합니다.,1
4,전반적으로 만족합니다,1
2,"기대보다는 별로였습니다.
시그니쳐 매뉴인 꼬냑 등심을 주문했는데,
너무 고기가 연하기만해서 삶은 수육을 먹는 느낌이 들더군요~~엄청 느끼하고....
된장찌개도 너무 달아서 별로 였습니다.
같이 간 집사람은 분위기가 좋다고~~;;^^",0
5,"서비스 친절하시고,음식맛 정갈합니다. 십년전이나 지금이나 늘 한결같은 맛, 짙은 회색의 마소재 비치는 커튼과 창밖으로 보이는 대나무가 운치있습니다.",1
5,"서비스가 굉장히 친절했고, 2명이 조용하게 식사하고 싶어서 룸으로 예약했는데 룸 컨디션도 정말 좋았습니다. 나중에 부모님을 모시고 오고 싶을 정도로요! 뱀부정식을 먹었는데 모든 구성이 밸런스가 맞았고 딱 배부르게 먹을 수 있었습니다. 다음에 또 찾을 것 같아요!",1
5,"예약당일 미리 확인 전화주셔서 좋았구요,
전반적으로 만족합니다. ^^",1
5,맛도 좋고 친절하고 너무 좋았습니다!,1
5,환갑잔치 잘 했습니다. 8명 방 변경도 잘 해주시고 늘 좋은 음식점입니다.,1
5,친절한 서비스와 함께  최고의 한우 잘 먹고 갑니다.,1
5,가끔 회식할때 가서 정말 맛있게 먹어서 남자친구랑 방문했어요~확실히 고기 질도 좋구 맛도 최고예요!남자친구가 먹어본 안심중에 제일 부드럽구 맛있다고 아주 배터지게 먹었네요ㅎㅎ제가 53번 테이블이었던거 같은데 담당 여성서버님 정말 친절하시구 말씀 안드려도 부족한 반찬 수시로 챙겨주시고  진짜 편하게 서비스받고 와서 더 만족스러워요~~다음번엔 부모님 모시고 가려구요^^,1
5,매번 갈때마다 만족합니다!,1
5,예약 및 세팅 잘 되어 있었구요. 담당 서버님이 친절해서 만족스러웟습니다. 자리도 조용하니 좋았습니다. 또 갈게요.,1
3,두어번 방문 후 만족하여 여자친구와 기념일을 보내기위해 강남점을 이용했습니다. 여성 서버분이 저희테이블을 세팅하고 주문을 받으셨는데 흔한 인사도 없이 테이블세팅 후 우리의 요구도 없었는데 주문하시겠냐고 물어보고 주문 후에도 확인대답도 없이 휙 가버리시더라구요. 여의도점은 친절하게 설명해주셨는데 그냥 냅다 구워주시고..구우시다가 다른 직원분이랑 큰소리로 얘기하시고 조금 언짢더군요. 그래도 기다리고 있었는데 뭐가그리급하신지 마늘을 구우려다 쏟아 저희한테까지 튀고..고기도 다 굽고 휙 가버리시고..먹어도 되는지..양배추와 고추는 언제먹는건지..아무런 설명도 없으셔서 다른 서버분께 컴플레인을 걸었는데 그분께서는 굉장히 친절하게 응대해 주셔서 그 후엔 만족하며 식사했네요. 100점짜리 고기에 50점짜리 서비스 였어요,0
2,"예약일이 금요일 저녁이어서 그랬던건지,
근무자분들의 일은 많고 근무자는 모자른것 갇마보이더군요.",0
4,"룸 배정을 못받아 좀 아쉬웠지만 구이, 된장 만족스런식사였습니다.",1
5,분위기 좋고 고기 맛있고 친절합니다,1
5,"언제가도 맛있는 영동족발!
3호점이 제일 친절한 것 같아요
미리 예약하고 가니 기다리지 않아도 되서 너무 좋았어요
김치전도 맛있고 막국수도 맛있어요
어제 다녀왔지만 오늘 또 가고 싶네요 ㅎㅎ",1
4,시끄러운거 빼곤 좋았어요,1
1,"카운터 있는 남자분들의 고객 대응 최악 손님이 넘 많아서 짜증나는듯 
족발은 괜찬은 편.  막국수는 과하게 맵고 맛은 별로",0
4,언제나 먹어도 맛있어요ㅎ,1
5,맛있어요 족발,1
4,족발 맛있었구요...(제 입에 영동족발은 다 좀 달지만 그래도 쫄깃쫄깃 좋아요) 일하시는 아주머니께서 넘 친절하셔서 기분 좋게 먹고 왔습니다. 계란찜이랑 두부김치는 처음 먹어봤는데 이 사이드 메뉴 둘도 다 맛났어요!,1
4,"깔끔하고 주문한 음식이 빨리 나왔어요
이모님이 실수해서 막국수가 늦게 나왔지만 대체로 빨리 셋팅해주심",1
5,맛나게 잘 먹었습니다,1
5,"너무 맛있게 잘 먹었습니다~~
다만 좀 시끄러워서 대화를 할 수 없다는게 
아쉽지만 맛있으니 ^^;
다음엔 포장도 해보려구요~",1
3,맛집이 맞긴한가 봅니다 한골목안에 1.2.3.4호까지~ 사람이 바글바글 하고 줄이 쭉 서 있어요 맛은 뭐 그런가보다 하는데 서비스가 진짜 손님에 다한 예의가 없달까 참 내돈주고 먹으면서도 기분 나쁜 ㅠㅠ 전 다신 안가렵니다,0
5,고기도 정말 맛있고 직원분들도 친절해요,1
5,항상 만족하고 가네여.,1
5,고기 정말 맛있네요,1
3,맛있었는데 비계가 좀 많앗어요 원래안그랫던거같은데 ㅠㅠ,0
5,강남에서 모임잡을때 늘애용하는곳입니다,1
5,잘먹었습니다,1
4,"밑반찬도 깔끔하고 고기도 맛있어요.
무엇보다 고기가 맛이 좋았습니다.",1
5,깔끔하고 쾌적합니다. 예약하고가서 기다리지않고 바로 방으로 안내해주셨어요. 고기도 구워주시고 냄새도 거의안나는 듯합니다. 다음에또 이용할게요,1
5,조큼 비싸지만 맛있어요. 주차도 편하고요^^,1
5,가격은 매우 비싸지만 늘 맛잇다,1
5,맛있었어요,1
5,"육즙 폭발~  와인과 생갈비의 콜라보~
완전 반했어요~ ㅎ",1
5,"이렇게 맛있는 고기는 오랜만이네요. 강남에서 이만한 고기를 이가격에 먹을 수 있는곳은 까사생갈비뿐일듯해요. 테이블마다 냄새빼주는 장치도 있고 충전기도 구비돼있고, 고기도 다 구워주셔서 걱정없이 식사할 수 있었습니다. 서비스도 좋았고 매장 분위기도 좋아서 진짜 와인한잔하고싶었네요. 운전을 해야해서 술을 못먹어서 아쉬워요... 다음에 다시 방문해야겠어요^^ 잘먹고갑니다~",1
3,"맛은 괜찮았습니다.

고기를 직접 구워줘서 좋았습니다.

오후2시경 갔는데 샹그리아가 준비가 되어있지 않아서 맛을 못봐서 아쉬웠습니다.

3명이서 앉아서 세드로 세트를 시켰는데
테이블이 생각보다 작아서 먹는데 조금 불편했습니다.

벨이 따로 없어서 직원분들을 계속 불러야해서 조금 귀찮았습니다.

남자직원분이 바닥에 휴지를 주울때도 장갑낀채로 주웠고 고기 구울때 장갑을 교체하지 않은채로 해주셔서 조금 불편했습니다.

주말 오후시간대에 약간 한적해서 좋았습니다.

위생과 서비스 쪽은 개선이 필여할 것 같습니다.",0
5,매번 모임이 있을때 방문하는데 이베리코와 다른곳에서는 맛볼수 없는 소스들의 맛이 일품인 곳입니다. 서비스또한 직원들이 직접 고기도 구워주시고 친절해요,1
5,"생갈비랑 목살이 인기인데 생갈비가 진짜 맛있었어요! 와인하고 같이 먹는게 안어울릴 것 같았는데 정말 좋았네요 :)
인테리어도 가정집 같이 특이하고 모임장소로 좋은 것 같아요 예약하시면 웨이팅 없이 먹을 수 있어요 추천합니다",1
5,"정말 맛있었다. 생갈비살, 이베리코 목살 모두 훌륭했고 와인과도 잘 어울렸다.",1
5,"재방문한거였는데 넘넘 맛있어요
생갈비, 목살, 늑간살 어느 부위 하나 아쉬운 점 없었고 방울토마토 구워먹은건 신의한수bb 조만간 또 갈 거 같아요 ㅋㅋ",1
4,고기맛있고 충전기도 테이블에 붙어있고 친절하고 좋네요~ 담엔 샹그리아도 마셔보고 싶어요 다만 환기만 좀더 잘되면 좋겠어요,1
5,가격대비 맛이나 분위기 모두 최고였습니다. 무조건 강추!!,1
5,맛있어요 또갈듯,1
4,친구들하고 모임할 때 좋았던 것 같아요! 음식도 정갈해서 맛있게 잘 먹었습니다^^ 단지 점심시간 때 바쁘셔서 그런지 서빙이 늦어졌습니다. 그 외엔 만족스러웠어요!,1
5,"너무너무 만족했답니다.
강남에는 맛있는 음식이 진짜 찾기힘든데
정말 너무 맛있는 음식이였어요 ㅎㅎ
같이가신분들도 만족하고 개인적으로 음식점 덕분에 하던일 잘 마무리가 된고 같아요 ㅎㅎ
다음에는 가족이랑 가볼게요~",1
5,분위기도 맛도 Good,1
5,"한우 불고기라서 확실히 고기 퀄리티가 다르더라구요!
무한리필로 정말 맛있게 먹고 왔어요ㅎㅎ",1
5,강남에 여기 만큼 정원있구 괜찮은 고기집은없는거같아요 고기도전부 다 구워주시고 서비스가 넘좋아요 고기도 맛있고 ^^,1
5,"잘먹구 갑니다!! 
음식도 맛있고 !! 
서비스도 좋네요!!

3.1절 맞이해서 가족 외식을 다녀왔는데 가족 모두 만도했습니다!!
다음에 또 오겠습니다!!!",1
5,"백억하누...고기가진짜너무맛있네요!! 서비스도좋고 가족끼리 밥먹기 너무좋은곳이예용..회식장소로 추천해야겠어요^^,,",1
5,"삼합이 그렇게 맛있다길래 한번 방문했는데..
진짜 제 지인들이 꼭 가라는 이유를 알겠네요
진짜 어제 잘먹고 덕분에 행복한 배부름을 오랜만에 느끼고 갑니다:)  
다음엔 어머니 생신날 가야겟어요",1
5,"소고기 차돌박이와 전복과 키조개 관자의 삼합 조합은 정말 좋았습니다!
거기에 김치를 곁들여서 먹어도 아주 맛있더군요!

날 좋을때 정원 바라보며 먹어도 기분 좋은 식사자리가 될꺼같습니다:D",1
5,"예전에 자주찾던곳인데 오랬만에 가니까 더맛있었어요!
제주도에서 먹던 제주흑돼지보다 부드럽고 맛있습니다.
후식으로 먹었던 아이스크림도 정말맛있었고 직원분들도 친절하고 기분좋게 먹고왔습니다!",1
5,처음 와봤는데 맛도 좋고 서비스도 좋습니다. 직원분들도 친절해서 기분이 좋았습니다.,1
5,"아이 둘 데려가기에도 아기의자도 있어 편하고 고기는 늘 맛있네요
서비스로 주시는 고기와 껍데기도 아이들이 잘 먹었어요 밑반찬 뭐 하나 빠지지 않고 맛있고 먹는 동안 편안하게 서빙해주셔서 좋았어요
다음에 또 먹으러 갈 예정이예요",1
5,오겹살짱맛잇어요 ㅎㅎㅎㅎㅎㅎㅎ 이거저거 주셔서 짱 좋아요 다음에 또 가겠습니당,1
5,"분위기도 매우 좋고, 음식도 서비스도 너무 좋고 먹는 시간이 너무 행복했습니다 이리 많이 주셔도 될까 싶을 정도로 많이 챙겨주셔서 죄송하고 감사했어요!! 가까이 있으니 생각날 때마다 자주 오겠습니다 일 조금 하시고 돈 많이 버세요 사장님❣️",1
5,올때마다 너무 맛있어요ㅠㅠㅠ 너무 맛있어서 매번 지인들 다 데려오고있어요 걍 오면 행복해집니다 ㅋㅋㅋ,1
5,"교대의 유명한 고깃집
탐라도야지!
대학생 때 선배님들에게
가장 많이 사달라고 한 유명한 고깃집입니다!
절ㅡ대 후회없는 최고의 맛입니다.
오랜 시간이 지나고
직장인이 되어서 찾아왔는데
명불허전 교대 최고의 맛집입니다.
즐거운 식사 되세요 다들^^!",1
5,서비스도 최고! 맛도 최고! 가성비도 최고! 역시 교대맛집은 탐라도야지입니다!,1
5,"가족과 외식하기에도 좋아요.
푸짐하고 친절하시고. 
탐라도야지 다녀온후로는 다른집은 안간다는,
오늘도 기분좋게 맛있게 먹고왔습니다.",1
5,"평일에 고기 먹기힘든 공부하는 아들과 일요회식을 하기로하고 교대역 근처 맛집을 찾던중 알게된 탐라도야지..삼겹살 노래를 부르던 아들 녀석에게 딱이라 생각해서 네이버로 예약했더니 서비스음료까지 득템
듣던데로 한상차림 푸짐하게 세팅되자 아들의 입가에는 기대가득..제주오겹 3인분 주문했더니 우삼겹 1인분을 서비스로 또 득템..너무 잘먹어서 후식으로 먹으려던 김치말이국수는 다음기회로 미루고, 입구에 있는 소프트아이스크림 하나 쫙~빼서 입가심 제대로 했습니다..일주일에 한번은 고기회식하는거 다시한한번 상기시키는 아들..맛있게 잘먹었다고 좋아합니다..^^",1
5,어른들 모시고 오기에 정말 좋으네요~ 걍 훈제오리가 아닌 깊은맛에 감동하고 맛있는 밑반찬들..처음부터 끝까지 감동하면서 먹었네요.^^,1
5,엄마와 오붓하게 데이트한날^^ 보리굴비를 좋아하는 엄마를 위해 배나무골오리집으로 슝~~ 원래 오리가 유명한 곳인데 보리굴비도 정말 끝장나게 맛있어서 엄마 모시고 왔는데 맛있다고 하셔서 효도했네요 ㅎㅎ,1
5,친절하고 정갈한 음식이 정말 맛있어서 오랜세월 자주 가게되는 음식점입니다.,1
5,"오호 ~ 싸인들이~~ 맛집 냄새가 난다.
다양한 오리를 먹을수있는 코스요리~  나오는 음식들이 다 정갈하고 깔끔했다. 그런데 소스에 살짝 찍어 먹는 서울덕 좋다 좋아. 왜 강남맛집인지 알겠다.  감사요",1
4,음식이 정갈한데 갑자기 와서 병 치우고 그런건 좀 그렇네요,1
5,점심 겸 회의겸 선택한 배나무골오리집~ 런치B를 추천해주셔서 기다리는 동안 수다삼매경~~코스가 나오면서 이미 회의는 물건너갔고 매의 눈으로 스캔하고 오향수육을 먹는데 눈이 번쩍..고소하고 부드러움에 반했답니다.  담에 식구들과 꼭 가려구요. 완전 존맛,1
5,불금에는 내 몸은 소중하니까 오리로 몸보신하자해서 선택한 배나무골오리집~ 역시 나의 선택은 옳았다.  가격은 있지만 오봉코스로 ...ㅎㅎ 맛난 오리들이 쭉쭉쭉 진짜 맛있다. 마무리는 보리굴비와 밥까지..완벽하게 마무리.  잘먹었습니다.,1
5,오리고기를 사랑하는 우리가족을 위해 간만에 디너코스 맛있게 먹었습니다. 오향수육 정말 끝내주고 밑반찬은 아줌마 입맛에 취향저격이었다는... 다음에 또 들릴게요~ 맛있는 오리고기 감쏴해요.,1
5,"서비스 좋고 음식도 맛나요.
다 좋은데.
잡채가 너무너무.....
다시 볶아서 나왔으면 100점일텐데.
아쉬워요~",1
5,요리 정말 맛있고 친절하세요. 위치나 주차 음식 모든게 상견례같이 격식있는 자리에 잘 어울리는 장소입니다.,1
5,"구워주는 김일도 개존맛 ~ 
찍어먹을 것, 싸먹을 것 다양하게 줘서 좋구
고기만 먹어도 맛있구",1
5,"고기맛잇고, 초벌로 구워줘서 편합니다
그리고 소세지가 엄청 맛잇어요!ㅋㅋㅋㅋ",1
4,맛있었어요 다양한부위를 즐길수 있어요,1
4,맛있었어요~ 알바분들이 직접 구워주시면서 재밌게 이야기도 건네주셔서 더 좋았네요. 많이 파세요!,1
4,"고기 진짜 맛 있네요
콜키지는 병당 1.5 - 2 입니다.",1
3,"맛이좋아 가성비 굳~~서비스는 글쎄~알바 분들은 서비스마인드 교육 필요할듯~시끄러운것도 단점~6명 예약했는데 4명 예약되어있고, 세심함도 떨어짐.",0
4,맛있게 먹었습니다,1
4,"저번에도 음식 너무 좋아서 또 예약하고 갔어요~ 
확실 히 네이버 예약 하고 가니깐 자리도 좋은 자리 주시고,, 다음에 또 모임있을떄 가야겠어요.
음식이랑 분위기는 좋은데.. 조금 시끄러워서... 언능 밥먹고 이야기는 다른데서 해야겠어요 ㅎㅎ",1
5,진짜 맛있어요,1
1,타  지점에 비해 직접 구워주지않는 메뉴도 있고 친절도도 많이 떨어짐,0
5,언제나 맛난곳,1
5,여러모로 만족합니다,1
5,여기 맛있어요!  딴 것보다 서빙하시는 분들 넘 친절하셔서 또 가고 싶을 정도 ㅎㅎ,1
3,맛은 그럭저럭이었지만 서비스가 매우 친절해서 좋았습니다.,0
5,직원분들도 친절하시고 맛도 좋아요:-),1
5,"맛있어요~~
좌석도 많구
맛, 친절도, 위생 모두다 굿굿!! 만족했어요",1
4,"만족했습니다. 직원들 친철하고, 가성비도 좋았습니다.",1
5,맛과 서비스에서 이번에도 역시 기대를 저버리지 않았습니다!,1
5,맛있게 잘 먹었습니다.,1
5,생각보다 분위기도 너무 좋고 고기가 넘 맛있었어요~ 다음에는 가족들 데리고 오고싶네요 ㅎㅎ,1
5,진짜 잘먹었습니다.,1
2,"분명 예약을 하고 갔는데그리고 두번의 확인 전화도 받았는데 먼저 셋팅도 안되어있구 지정된 좌석이 5명이 앉기엔 불편하여 셋팅안되어 있는 다를 좌석 안내를 부탁했더니 예약되어있는 자리 라는 말 만ㅜㅜ
좀 앞뒤도 안 맞구 반찬은 부실하구 서비스도 정말 별로였어요",0
5,잘먹고갑니다,1
4,"대략적으로 보통이였습니다. 사람들이 너무 많아서 그런지 직원분들이 많이 정신 없어 보이시네요~ 
가격대비 성능비는 괜찮습니다.",1
5,고기가 너무 맛있고 가게 분위기가 고급져서 좋았습니다,1
5,인테리어랑 분위기에 비해 가격이 너무 저렴해서 놀랐네요 친구들하고 소모임 가졌는데 친구들도 너무 만족한다고 했고 저도 너무 만족했습니다~ 다음에 또 이용할게요 ^^,1
1,"지난번에 가보고 너무 맛나서 재방문했어요

모임이였는데 자리없을까바 예약하고 갔는데,
직원분이 너무 쌀쌀맞게 응대하시네요!
표정도 말투도..모임 사람들한테 칭찬하며 갔는데..
완젼 실망했어요.
다들 황당해했지만 이왕간거니 맛나게 먹자고 먹는데
먹다가 곱창을 추가했어요
근데...처음 나온 곱창하고는 상태도 맛도 천지차이...
곱창인지 대창인지 구분이 안되는 부위...
질기기는 왜이렇게 질긴건지..
추가해서 이렇게 상태가 다른 음식은 처음이네요.",0
5,토요일은 곱~~  이번주도 수고한 저를 위하여~~ 언제가도 친절하시고 꽉찬 곱에 내싸랑 대파김치와 특제소스~~  저의 소확행입니다.,1
3,너무 기대를 했나봐요 다른 곱창집에 비해 크게 좋은점은 못느꼈어요..,0
5,오랜만에 동창모임 곱에서 모듬구이로 더 하나 되었네요~~ 다들 제각각인 입맛들인데  물개박수치며 맛있게  잘먹었습니다. 마지막 볶음밥까지 완벽했네요.^^,1
5,당일도축이라는 문구에 믿음이 가는 곱이다. 모듬구이에 하얀가루가 솔솔~ 비주얼부터 입맛을 자극했다. 파김치. 부추. 곱창을 특제 간장소스에 찍어 먹으니 더 좋았다. 역시 곱은 사랑이다^^,1
5,네이버예약하고 기다림없이 편하게 주문하니 완전좋으네요~  저희는 무조건 모듬으로 ~ 역시 다양하게 즐길수 있는 모듬에 후식 라면과 볶음밥은 진리네요. 맛난 곱창먹고 에너지 만땅 충전하고 갑니다.,1
5,"토요일 저녁에는 꼭 한잔이 생각나는데 강남역에 가면 들리는 강남곱~~ 곱창도 정말 끝내주지만 대창도 완전 존맛자랑하는 곳..
불토를 배부르게 잘 보내고 갔습니다. 대창 먹으러 또 갈게요.",1
5,정말 맛있게 잘 먹었어용!!,1
5,대파김치와 곱창의조화가 환상이네요. 정말 돌아서면 생각나는 맛인거 같아요. 오늘도 또 가고 싶은 곱...이런 미세먼지에 외식으로 딱~~~ 강남가면 또 들릴게요. ~,1
5,맛도좋고 곱창도 빨리나오고 우선 곱창이 너무 맛있어요!!,1
5,"너무 만족스러웠습니다! 요청사항에 요청한대로 창가쪽 테이블로 주셨고, 서비스, 곱창상태도 다 만족스러웠습니다 : )",1
3,시끄러워요 ㅠㅠㅠㅠ,0
5,"맛있어요~친절하고  좋았어요
부추도  맛있구  순두부찌게가 서비스로  나왔는데  리필두  해주시고 좋아요",1
4,시끌시끌하긴 했는데 최근 먹은 곱창중에 곱이 제일 많았어요 짱 !!,1
5,가격 맛 모두 만족,1
3,서비스는 나쁘지 않았습니다만 가격대비 양이 적은 것은 조금 아쉬웠습니다! 인당 3만원어치는 먹어줘야 배가 찰 것같네요 ㅎㅎ 여성 2인 기준입니다,0
5,금요일 피크타임에 예약시간이 지났음에도 자리를 잘 마련해주셔서 감사드립니다. 가게가 손님들로 꽉차 활기가 넘쳐 좋았고 음식도 맛있어서 10여년만에 미국에서온 후배와 좋은시간 되었습니다. 또 이용하고 싶습니다.,1
5,굿이에요!,1
5,"지난번에 갔다가 너무 맛있고 직원들도 친절해서 예약 하고 재방문 했어요ㅎㅎㅎㅎ
역시 강남역 곱창고 너무 맛있고, 친절한 서비스 감동이네요~
사람들도 많고 분위기도 좋아서 친구들이랑 다음주에 또가려구요!!!
강남역 곱창고 타매장과 비교하지 마세요 진심 추천합니다^^",1
5,"곱창고라도 다같은 곱창고가 아니였네요 ㅎㅎ 
강남역 곱창고 맛, 분위기, 서비스 모두 최고였습니다!! 앞으로도 자주 이용할게요~강남역 핫플레이스 곱창고 번창하세요^^",1
5,굉장히 맛있고 친절해요~!,1
5,"ㅡ
너무 잘 먹었습니다!
이모님들 다 친절하시고, 잘 챙겨주셔서 감사했어요!
또 갈래요",1
5,역시 대박 너무 맛있게 먹고 왔어요!!♡,1
3,맛은있으나 정신없고 빨리먹고 나가야하는 느낌이였어요 저녁시간대 방문 비추..,0
5,"고기 구워주셔서 회식인데도 너무 편하고 즐겁게 막었습니다. 음식도 정말 맜있었구요!
구워주시면서 같이 먹으면 좋을 것을 말해주셨는데 정말 맛있어서 즐거운 시간 보냈습니다",1
5,역시 너무 맛있어요 ㅎㅎㅎ,1
4,"진짜 맛있는데
넘 비싸다여........",1
5,이모님들이 고기 다 구워주시고 세상 맛있었어요 역시 이영자맛집,1
5,"진짜 말이 필요 없음
이영자가 왜 좋아하는지 알거같음ㅋㅋㅋㅋ
열심히 돈벌어서 또 먹으러 가야겠어요 ㅎㅎ

안드신분들 언능 드시러고고하세요 ㅎ",1
5,사람이 끊임없이 오는 맛집이었어요 사실 이전에 여기 말고 다른 지점갔가 살짝 실망했었는데 논현본점가보고 왜 영자언니 맛집인지 알게됐어요,1
5,"일단 질 좋은 생고기의 풍미가 최고였습니다!!
개인적으로 목살은 그리 좋아하지 않았는데 여긴 소금구이라고 해서 소금간이 적절히 잘 벤 목살에 자꾸만 손이 가더라구요!!
물론 삼겹살도 맛있었구 처음에 사장님께서 모든 고기에 자신있다 하셨는데 막상 먹어보니 정말 믿음이 가요 :)
게가가 기본 구성이 보들보들 계란찜에 칼칼하고 재료 실하게 들어간 찌개 그리고 비빔라면까지!! 전부 빠지지않고 다 꿀맛!!!!
그래서 이렇게 저렴하게 맛까지 좋은데 먹으면서 어느순간부터는 이래도 되나? 이러면서 먹었어요 ㅋㅋㅋㅋㅋ 계산하구 나올때 쿠폰까지 팽겨주셔서 또 한번 감동 :)
감사히 잘먹었습니다 인사는 필수!^^
재방문 의사 1000000000000",1
5,사장님도 친절하고 고기도 맛있어요👍👍,1
5,"지난번 방문이 만족스러워서 또 왔네요,여전히 친절하시고 음식도 깔끔해요 서비스 비빔면은 진짜 별미에요 ㅋ",1
5,맛있는 고깃집,1
5,오늘도 감사히 잘 먹겠습니다,1
5,사장님의 서비스 맛 퀄리티 음식 뭐하나 빠짐없이 최고네요~~,1
5,"맛있네요 논현동 먹자에서 보기드문 맛집
서비스도 만족입니다 다음에갈때도 잘부탁드립니다~^^",1
5,"매우 맛나요~~
따봉",1
5,처음와서 반하고 다시와서 먹어도 반하고 자주자주와더 안질리는 곳이에요!!! 너무 친절하고 필요한건없는지 먼저와서 챙겨주시고 지인들 많이 소개시켜줄수 밖에없는 곳입니다ㅎㅎ 배달도 같이 됬으면 집에서 쉬는날 맨날 시켜먹을거같아요ㅎ,1
5,돼지고기 세트를 먹었는데 정말 여러가지 많이 나오고 다 맛있었다! 비빔면과 고기의 조합은 역시ㅠㅠㅠ 오시면 꼭 세트메뉴 먹어보세요!오랜만에 찾은 맛집😀,1
5,맛도 서비스도 최고입니다!!,1
5,직원분들 친절하시고 초벌구이 해주셔서 연기도 많지안았으며 마지막까지 구워지시고 잘라주시기까지 해주셔서 편안히 식사를 할 수있는 매장이었습니다. 아주 만족했습니다. 감사합니다.,1
5,역시 돼지고기는 하남돼지집이다!! 먹는 내내 행복을 느낄 수 있는 맛이었어요!! 완전 강추!! 또 갈래요!!,1
5,맛있어요.,1
5,"직원분들 다 너무 친절하시고
고기 잘 못 구워서 하남돼지집으로 간건데
정말 맛있게 구워주시고, 맛있게 먹는 팁도 알려주시고, 계속 신경써주셔서 감사했습니다. 진짜 맛있고 행복하게 잘 먹었습니다.",1
4,맛있었습니다 자리도좋은데 잡아주셔서 좋았습니다,1
5,마시씀 인정,1
5,친절하고 맛있습니다,1
5,너무 친절하고 좋아써요,1
5,맛있고 깔끔합니다,1
4,"돼지고기 2인세트와 멸치국수 시켰어요~
양도 적당하고 맛있었습니다.
칵테일 서비스도 주시고~
담에 강남역 갈 일 있으면 또 방문할게요~",1
3,고기는 맛있었습니다. 지난주 홍대본점은 직원분이 초반에 직접주워주셨는데 강남역점은 손님이 저희만 있었지만 전혀 신경써주시는분이 없네요..실내가 너무 어두워 직접 구우려니 익었는지 판단이 어려워 불편한점이 있어요,0
4,너무너무 친절해요!!,1
4,"너무 맛있고 좋았어요
다만 고기굽는게 힘들었을뿐...ㅋ",1
4,분위기도 좋고 고기도 맛있네요!!,1
5,지인들 예약해줬는데 매우 맛있었다합니다,1
5,"자주가는 집인데 네이버 예약도 되는줄 몰랐어요~
매번 퇴근시간에가서 웨이팅했는데ㅠㅠㅠ
예약하고 가니 훨씬 편하더라고요ㅎ_ㅎ
다음에도 역시나 재방문의사있습니다",1
4,고기 맛있고 밑반찬들도 다 맛있어요  파무침 짱짱 숯불에 굽는건데도 가게에 연기가 없이 깔끔해서 좋아요 대신 반반냉면이 넘 뿔어씀...팅팅..탱탱... 반반떡..,1
4,고기가 생생하니 좋았어요,1
4,"고기도 맛있고 분위기도 좀있고 좋았습니다.
근데 직원분들이 바빠서 그런지(제가보기에 많이 바빠보이진않았는데) 간단한 주문도 3~4번씩 불러야지 해주시더라고요..
서비스적인 부분만 보강해주시면 5점이 될거같습니다",1
5,친절하고 맛있어요.,1
5,덕분에 편하게 회식하고 맛있게 먹었습니다~,1
5,"매우 맛있었어요
추천합니다",1
5,친절하게 먹기 좋게 다 구워주시고 서비스도 너무 좋았습니다!,1
5,맛있었어요 ㅠㅠㅠㅠㅠㅠ 또 갈거에요...,1
3,"넘사람이 많아서인지 고기도 안오고 그랬으나
묵은지가 엄청나서 용서함^^",0
5,대만족했어요!!! 일본인 출장자들이 감동했다네요. 고기 다 구워주시고 여러가지 삼합으로 조합해서 각자 그릇에 놔주시고! 너무 좋아요!,1
5,맛있어요! 차돌삼합 추천해요,1
4,음식은 너무 좋아요. 다만 환기가...,1
5,맛있습니다. 다만 환기는 잘 되지 않아요.,1
5,"주말 저녁에 갔는데 사람 진짜많았어요!
여러명 가실거면 미리 예약하는게 좋을듯 싶고
닭볶음탕이랑 베이컨치즈감자전 먹었는데
둘다 존맛탱 ㅠㅠ 1단계로 먹었는데 칼칼한
정도라 딱 맛있었음 ㅜㅜ 여기 가시면 날치알
볶음밥 꼭 드세요!!!먹은 볶음밥중 젤 맛있었음!!
셋이서 두개볶았는데 세개볶을걸 후회함..",1
5,"너무 맛있었어요 
여자 4명이서 급하게 닭도리탕세트와 베이컨감자전에 주먹밥까지 가득시키고 소주한명에 입가심! ㅋㅋㅋㅋㅋ 좋아요💋",1
5,"첫번째 직원들 정말 밝고 친절하네요~~^^ 일단 그거면 말 다했다고 봅니다~~!!!!!! 
그런데 닭도리탕 맛이......정말 기가 막히네요~~~!!!!!!!!!!!!!!!!!!!! 먹느라 사진도 못찍었어요......ㅠㅠ 강추 강추~~~!!! 
다음엔 꽃도리탕 먹으러 갈게요~~~!!!!!!",1
5,매콤달콤 넘넘 맛잇어요:)  다음엔 한 잔 하러 가야겠어요!! 추천합니다앙~~~,1
5,"꽃도리탕(중)세트랑 참치마요주먹밥 먹었어용ㅋㅋㅋ1단계여도 꽤 매웠고 참치마요주먹밥 진챠 존맛탱!!!!!모듬튀김도 완전바삭해요 강추!!!!!
한달에 한번씩 가려고요 ㅎㅎㅎ
이벤트 기다리겠숩니당>.<",1
4,가격에 비해 닭이 조금 들어있는건 아쉬웠지만 양념과 튀김 사리는 맛있었어요!! 중독적인 매운맛 좋아요~ㅎㅎ,1
5,언제나 맛 있는 !! 닭도리~ 음식도 맛나 직원분들도 친절!! 또 방문하겠습니당,1
5,"푸짐하고 맛있게 잘 먹고 왔어요~ 
국물이 정말 진한 것 같아요~!
손님이 많아서 바쁜 주말인데도 친절하게 대해주셔서 감사해요. 
다음에 또 갈게요!",1
5,"6명이서 북적북적 말도 많아서 주문이 힘드셨을텐데도,  계속 웃으며 친절하고 재밌게 받아주셨어요~
닭도리탕을 시켰는데 정말 맛있구요~ 똥집튀김도 기름 쩐내, 잡내없이 맛있었어요~

손님이 바로바로 차서 예약하고 가길 정말 잘한거 같아요

사진이 있었으면 좋았을텐데 ㅠㅠ 신나서 바로 먹느라 못 찍었네용

(수정) 친구한테 받아서 사진 올려용~ 이벤트 보내주세용-! 기대기다",1
5,맛있고 좋았습니다,1
5,"정말 기막힌 맛입니다
사장님 친절 직원분들 완전 프로의식",1
4,손님도많고 서비스도좋고 맛은더더욱 좋았어요 가격이 후덜덜이지만^^;;,1
4,맛있고 친절했어요! 또 방문할게요,1
5,좋았습니다.,1
5,"진짜 맛있고 서비스도 대박이에요!!!!
볶음밥도 날치알도 짱짱많고 이영자 맛집답게 진짜 맛있습니당",1
4,정말 맛있고 친절해요 된장찌개는 좀 싱거웠어요,1
5,"장흥삼합과는 다른 스타일의 진대감 차돌삼합.
다양한 곁들이와 같이 먹는 맛이 굿!",1
2,남자친구한테 엄청 대박맛집 예약해놨으니 기대하라고 큰소리떵떵치고 데리고갔는데..예약확인안된다며 예약한거맞냐고 입구에서부터 몇번이나 되물어보시니 엄청 민망했어요.일부러 예약확정된거맞는지 전화해서 확인까지 하고간거였는데 막상가보니 예약자명단에 제이름은 없어서 황당...그래도 큰자리 편하게앉으라고 해주셔서 감사했지만..둘이서 그 큰자리차지하고있으니 괜시리 민폐끼치는것같아서 먹는내내 마음편치않았어요. 반찬도 얼마나 일찍담아논건지 윤기없이 다매말라있고..삼성타운점은 볶음밥시키면 나오는 된장찌개도 너무맛있어서 된장찌개맛집인줄 착각할정도였는데 똑같은 체인이여도 맛이 다른건지 여기지점은 된장찌개 완전 맹탕이였습니다..삼성타운점 처음가보고 완전반해서 이번엔 여기지점으로 방문해보았는데...여러모로 비교가 많이되서 아쉬웠습니다,0
5,예약해서 편하게 즐겼어요~,1
5,소고기 관자조합 ㅎㅎ 다 구워주셔서 더 맛있게먹었어요 결혼한다고 친구만난 거였는데 청첩장보시더니 결혼선물도 주시고^^ 감사합니당~,1
5,맛있게먹었습니다,1
4,"맛있게 잘 먹었습니다..직원분들도 너무 친절하시구요..
다만 물 동치미말이 국수만은 증말 맛 없었답니다.",1
4,고기맛있었고 서비스 좋았어요~,1
5,네이버 예약했더니 서비스까지 받고 좋았어요 ^_^ 사람도 많이 없고 고기도 맛있었어요!,1
5,매우 만족해요!,1
5,만족합니다,1
4,맛있습니다. 따로 와인 챙겨가져가서 마셨어요. 여기 고기도 고기지만 차돌박이볶음밥도 맛있었음.,1
5,맛있고 분위기 좋습니다. 잘 먹었습니다.,1
5,맛잇엇어요,1
5,조용하니 좋았습니다.,1
5,"직접 다 구워주셔서 너무 편했고, 고기가 고소하고 맛있었어요!",1
5,친절 만족 맛있음,1
5,구워주셔서 맛있어요,1
5,한마디로 쥰맛탱구리????????,1
5,"언제 가도 맛, 서비스, 분위기 모두 최고입니다 ^^ 감사합니다!",1
5,언제나 좋아요..서빙도 완전 스피드!! 쵝오,1
5,서비스짱 고기짱 또갈거에요,1
5,"고기도 구워주시고, 참 맛있었습니다",1
5,깔끔하고 맛있게 잘먹었습니다!,1
5,맛과 분위기가 좋았습니다~!,1
5,맛있습니다,1
4,"잘먹었습니다...
가격만큼",1
5,항상 만족합니다.,1
5,여기 소고기는 정말 맛있습니다,1
5,"정말 맛있게 잘 먹었습니다!
감사합니다.",1
3,"체인점 많이 생기기전부터 다닌 사람인데요.
고기가 예전같지 않은것 같아요
최근 1년 사이에 고기질이 좀 떨어지고,
장아찌 국수도 맛이 좀 변했어요. 
반찬도 미리 안만들고 막 해주셨는데.. 미리 해두신거처럼 말라고 나와서 좀 실망했어요 이번에는",0
5,"지금까지 이런 맛은 없었다.
고기 좋고 육사시미 국수 찌개 곤드레밥 전부 다 괜찮고, 콜키지 프리, 적립도 된다는 점~~!",1
5,"30분 넘게 기다렸는데 기다리길 잘했어요!!
고기도 고기지만 장아찌 국수와 곤드레밥도 별미네요^^ 직원분들도 친절하고 음식도 맛있고 매우 만족하며 돌아왔어요",1
5,소고기 진짜 맛있어요,1
5,맛있고 친절합니다.또갈께욧,1
5,항상 친절하고 맛있는 곳이에요.,1
5,"벌써 10년 가까이 다니고 있는 가게에요 ㅎㅎ
새로운 친구 데리고 갈 때마다 다들 맛있어 하지요

어제 8명이서 닭갈비 10인분에 닭발 4인분 볶음밥 2인분을 먹고 막걸리 소주 맥주 주종을 가리지 않게 다 어울리고 맛있는 곳입니다 

사장님 오래오래 장사해주세요 ㅎㅎ",1
4,맛있었고 가게도 깨끗했습니다. 하지만 양이 적었습니다.,1
5,강남역에서 구워먹는 닭갈비 먹기 힘든데~ :) 여기는 심지어 맛있기까지해서 자주 가는 곳이예요!,1
4,"아기의자는 없는듯했고 직장인들이 퇴근 후 많이 오시더라구요.
사장님이 친절하시고 음식은 양이 좀 작았지만 맛은 괜찮았어요 ㅋ
막국수가 볶음밥보다 맛있었어요",1
5,맛집 인정!,1
5,JMT 일반 양념 닭갈비에 비해 가격이 비싸다고 느낄 수 있지만 고기 양은 꽤..? 많아서 굳굳 2인분인데 고기만 먹고 배부르진않을거같고... 막국수랑 같이먹으면 개꿀 조합도 굳굳 소주가 생각나는 맛... 사장님 친절하시고 맛있게잘먹었어요~~,1
5,맛있었어요.,1
5,"잘먹었습니다~~
숯불닭갈비도맛나고 목살도맛났어요^^",1
5,"맛있었어요, 떡 꼭 드세요",1
5,메뉴판에 있는 모든 음식이 맛있고 서비스도 좋음,1
5,인생갈비입니다. 맛있게 먹었고 서비스도 좋습니다^^,1
5,비빔냉면밖에 없어서 아쉬웠지만 시켜먹으니 물냉면을 싹 잊어버림... 고기도 하나하나 다 구워주시고 심지어 맛있음,1
5,친절하고 맛있는 송포갈비 👌,1
5,"친절하시고 고기도 정말맛있어욤 ㅎㅎㅎㅎ
재방문 의사있습니다",1
5,양념갈비가 특히 대박이었어요❤️,1
4,맛있게 먹었습니다,1
5,너무너무 맛잇는것!!,1
5,역시나 최고!,1
5,고기가 원래 맛있는데..구워주니까 2배로 맛있어요.,1
5,친절하고 너무좋았어요~~~~ 음식이좀 늦게나온거빼고는... 맛도 마싯었어용 ㅎㅎㅎㅎㅎㅎ 다음에또갈게용~~~~,1
5,보감세트 시켰는데 감자탕 보쌈 오징어초무침 전부 맛있었어요,1
5,음식들이 전체적으로 다 맛있네요 ㅎㅎ 짱좋음,1
5,서비스도 좋고 음식도 너무 맛있었어요!!,1
5,맛있고 정겹게 잘이용하고 갑니다!!,1
5,친절하신 직원분들 덕분에 기분좋게 식사했습니다.,1
5,맛있게 잘 놀다갑니다 ^^~*,1
5,보쌈 어떻게 이렇게 맛있게 하는지 비법이 궁금하네요.. ㅋㅋㅋㅋㅋ 맛있게 잘먹었습니다,1
5,"감자탕 국물이 정말 맛있습니다 
살도 되게 많고 맛있게 먹고갑니다",1
5,"레스토랑 분위기가 제 맘에 쏙이네요 ㅎ 넓어서 좋았고 
음식들도 전체적으로 맛있어요",1
2,주문을 제대로 받지 못해서 아쉬워요,0
4,"직원들이 친절하고 육질, 특히 황제살이 좋아요.
다만 이날 찌개에 약간의 문제가 있어 별표 4개.",1
5,"너무 맛있고 친절해서 좋았어요
분위기 좋은데 가성비까지 좋음
초밥에 고기 싸먹는데 특이했음",1
5,깔끔하고 맛있게 먹음,1
4,분위기 좋았고 맛도 좋았습니다~,1
4,"비오는 금요일 저녁 방문했는데, 예약도 잘되고, 시설도 깔끔하고, 고기도 맛나고, 가격은 아주 높지 않은 전반적으로 친구들과 함께 한잔하기 좋은 고기집인 것 같습니다!",1
5,"오랜만에 갔는데, 같이간 동료들이 아주 만족했습니다. 저 역시 만족^^ 잘 먹었습니다.",1
5,"고기집 중 최고 깔끔하고 청결한 집
맛은 보장됨",1
5,"고기도 진짜 맛있고, 직원분들도 친절하시고, 불판도 자주자주 갈아주시고, 다 좋았어요~~",1
2,"고기는 갈매기살이 맛있습니다. 
다만, 고기가 나오는데 30분이상이 걸리고, 재주문 역시 20분이상 걸려 기다리다 지치게 되더군요.. 
그닥 추천하고 싶진 않습니다",0
4,맛있어용ㅎㅎ,1
5,맛있고 친절하고 좋아요.,1
5,맛있어요 ^^,1
5,점심 회식에 예약하고 갔는데 모두 만족도 100이었습니다,1
5,"맛! 서비스 너무 좋았습니다
직원들의 교육도 굉장히 잘되있구요!!!
손님 모시고 가기 딱 좋은 곳입니다!!!",1
4,맛이랑 서비스 다 좋았어요~ 직원분들도 친절했구요!,1
4,"음식은대체적으로 질도좋고 맛있어서 만족스러웠으나 직원들의 응대에 그닥 기분좋지않게 식사했네요.저희의 요구사항이 대표님의 원칙에 안맞다고 하시니 저흰 직원이아니라 그자리서 교육받는 느낌이었네요.
규칙과 원칙이 나름 있으시겠지만 유돌이 없이 딱딱하게 표정하나없이 응대하는것을 말이 아 다르고 어 다르니까요.그게 방침이라하니 뭐라 할말은 없구요.잘 먹고 왔습니다.맛 때문에 재방문의사는 있습니다.",1
4,직접 구워주셔서 편했고 고기 맛도 좋았고 직원분들이 친절하셔서 재방문 의사 있습니다,1
5,언제나 그렇듯 좋습니다. 고기도 좋고 밥도 찌개도 맛있고. 부모님과 방문하기는 처음인데 너무 맛있게 잘 드셨다고 합니다. 조만간 또 들르겠습니다.,1
5,맛있게 잘 먹었습니다~,1
3,맛은 나쁘지 않았는데 양이 적고.. 테이블조금차니까 너무 바빠보이시더라구요..일단 양이너무적어서 별뺐아요 10000원인집도 이정도는아닌데 ㅜㅜ 논현이라 그런가싶은데,0
5,완전 맛납니다.모두들 강추하네요. 꼭 가보세요. 소금 및 양념 다 맛있어요.,1
5,회식 장소로 좋았습니다. 서비스도 좋고 무엇보다 닭갈비가 맛있었습니다. 엄청 더운날인데 불이 있음에도 시원하게 먹을 수 있었습니다.^^,1
5,"맛있어서 계속 시켜먹었어요
예약시간보다 조금 늦었는데도 사장님이 전화 주셔서 친절히 안내 해주시는것도 좋았어요",1
5,너무맛있어서 남기지 않고 다먹엇어요!! 강추입니다!,1
5,직원분들도 친절하고 닭갈비도 진짜 맛있었습니다. 처음 네이버예약을 이용하였는데 네이버에서 보낸 예약확정 문자외에도 사장님께서 따로 연락을 주셨구요 서비스로 톡소다소주를 한병 주셨는데 소주를 잘 못마시는 저한텐 딱이더라구요 닭갈비는 매콤과 간장 시켜서 먹어보았는데 두개다 맛있었습니다. 담번에 신사놀러갔을때 또이용하겠습니다. 감사합니다 사장님.  먹고 얘기하는데 집중하느라 사진하나를 못찍었네요 하핫,1
5,너무 맛있었습니다.,1
5,12명 재미나게 먹고 갑니다~,1
4,고기는 맛있었는데 조용하진 않았네요ㅋㅋ,1
5,고기가 짱 맛있어요,1
5,최근 먹은 고기중에 탑입니다 고기 진짜 맛있어요..,1
5,맛이 있습니다 가보세요,1
5,맛있어요~,1
5,쾌적하고 깔끔한 곳입니다,1
5,직원분들 모두 친절하시고 고기도 신선하고.,1
1,저희도 회식이었는데 다른 회사에서 사용하시던 소주 재고(위에 타 회사 이름 스티커..) 주시고... 비계덩어리 삼겹가져오셔서 바꿔달라도 했더니 그럼 삼겹 말고 목살먹으라고 짜증내시고.. 아쉽네요 한두번 가는게 아닌데,0
5,항상 만족하는 구이 전문점 입니다,1
5,고기도 맛있고 주인분들이 너무 친절하셨어요!!^^,1
5,인생 한우집 찾았네요 ㅎㅎ 사장님도 너무 친절하시고 고기도 너무 맛있고~앞으로 소고가 먹을때는 무조건 광부 한우로 가려구요!,1
5,네이버 맛집들 잘 안 믿어서 그냥 속는셈치고 갔는데 웬열 진짜였네요 ! 다음에 또 예약하고 가야겠어요 !!,1
5,단골인데 고기 정말 맛있습니다. 최고 ^^,1
5,"늘 실망시키지 않습니다^^
고기 맛은 물론이고, 물국수도, 고기 싸먹는 와사비잎도 정말 맛있어요. 
사장님의 유쾌하심도 분위기를 한층 돋구네요.
덕분에 부서 회식 즐겁게 잘했습니다.",1
4,"음식은 맛있었습니다. 친절도도 괜찮습니다.
다만 구이는 바로 나오는 편인데 육회는 시간이 걸렸습니다.",1
5,정말 친절하시고 고기도 맛있고 하나하나설명해가면서 구워주쇼서 넘나 좋았어요 또 갈게요 감사합니다,1
5,"먹어봤던한우중 진짜 젤 맛있었어요
사장님도 넘 친절하셔서 다음번에 또 갈께요!!^^",1
5,"질좋은 한우를 이 가격에
곁들이는 반찬도 와인도
넘 좋아요~~",1
5,어제갔는뎅 넘 좋아여 친절하시고 고기도 맛나고^^  굳굳 담에 또 갈게요~~!!!!,1
5,고기퀄러티도 좋고 아주 즐거운 식사를 했습니다. 조용한 가족모임에 좋을 듯 합니다. 그리고 육회는 슴슴한 양념으로 바꿨던데 입맛에 아주 잘 맞았어요. 늘 감사드립니다.,1
5,"후기는 처음 남기네요
바쁠때는 고기도 직접 구워야하고 주문도 늦게 나오지만 불편함 느낀적 없어요 
그이상의 맛과 품질로 늘 다시 찾게 됩니다!",1
3,고기 질은 좋았습니다. 다만 종업원 분들의 응대가 느리고 지난번엔 고기를 직접 구워주시기도 했던것 같은데 이번엔 안 구워주시더라구요. 물어보니 손님이 몰려서 바빠서 그랬다고 하시는데 식당엔 저희 말고 두팀인가만 더 있었는데 얼마나 바쁘셨던건지 모르겠습니다. 가격에 비해 서비스는 높은 점수는 못 주겠네요,0
5,늘 만족스런 응대에 감사합니다.,1
4,"자주 가는곳인데 친절하고 맛이 좋은 집입니다
가성비 좋고 모임하기 좋은  맛좋은 집  
함 가보시길 추천합니다^~^",1
3,추웟어요 고기 외에는 별로에요..,0
1,"고기질과 육전은 좋다.다만 한우손님 돼지고기 손님을 차별한다(돼지손님은 주차불가.네이버예약시 약속한 간장게장.보리굴비를 돼지손님은 주지 않는다-예약정보에 돼지손님은 서비스 없다는걸 명시해서 낚이는 손님은 없어야 된다고 생각한다)
불판이 검댕이가 있어 교체를 했는데 똑같은 것이 또 나와 하는수 없이 내가 불판을 휴지로 닦고 고기를 구워 먹었다.
명성에 걸맞지 않은 점례네다.",0
5,직접 구워주시고 진짜맛있음. 반찬도 맛있음. 직원분이 친절하게 잘해주시네요,1
4,친절하게 서빙해주시고 음식도 챙겨주셨어요 ㅎ,1
4,"강남역 점례네 방문
육회비빔밥은 맛있었당
뼈삼겹도 맛있었다

다만 부산본점이랑은 좀 틀림 ㅜㅜ",1
